plugin,iteration,total,input,output,reasoning,cache_write,cache_read,cost,answer,status
0,1,19403,19376,7,20,0,0,0.0146535,OK,ok
0,2,19401,19376,7,18,0,0,0.0146445,OK,ok
0,3,19401,19376,7,18,0,0,0.0146445,OK,ok
1,1,10624,10598,7,19,0,0,0.0080655,OK,ok
1,2,10618,10598,7,13,0,0,0.0080385,OK,ok
1,3,10618,10598,7,13,0,0,0.0080385,OK,ok
